{
	"pages": [ //pages数组中第一项表示应用启动页，参考：https://uniapp.dcloud.io/collocation/pages
		// #ifdef H5-TEMPLATE
		{
			"path": "pages/home/index", // 登陆页
			"style": {
				"titleNView": false
			}
		},
		{
			"path": "pages/index/index",
			"style": {
				"navigationBarTitleText": "uni-app"
			}
		}
		// #endif
		// #ifdef PC-PLATFORM
		{
			"path": "pages/index/index",
			"style": {
				"navigationBarTitleText": "uni-app"
			}
		},
		{
			"path": "pages/home/index", // 登陆页
			"style": {
				"titleNView": false
			}
		},
		{
			"path": "pages/editor/index", // 编辑页
			"style": {
				"titleNView": false
			}
		}
		// #endif
	],
	"globalStyle": {
		"navigationBarTextStyle": "black",
		"navigationBarTitleText": "uni-app",
		"navigationBarBackgroundColor": "#F8F8F8",
		"backgroundColor": "#F8F8F8"
	}
}
